{"mass": 58.82481002807617, "height_vlen": 1.6891579627990723, "shoulder_hlen": 0.32903650403022766, "torso_vlen": 0.5989235639572144, "leg_vlen": 0.7899672985076904, "arm_span_hlen": 1.6669012308120728, "head_vlen": 0.3002670109272003, "chest": 0.8852863907814026, "waist": 0.7563625574111938, "hips": 0.9689525365829468}